fact_country_year_id,country_id,year_id,income_level_id,mortality_rate,life_expectancy,population,gdp_per_capita
FCY00001,C001,YR001,IL001,47.0022580758801,62.5912750961501,640058741.0,1528.10422421284
FCY00002,C002,YR001,IL002,60.1,62.406,35688935.0,525.469770891619
FCY00003,C003,YR001,IL001,61.089851563164,56.6266215613676,440882906.0,1574.23056437855
FCY00004,C004,YR001,IL005,36.7,62.122,30234839.0,2790.71886869768
FCY00005,C005,YR001,IL003,7.7,78.9,2648285.0,5006.36012951959
FCY00006,C006,YR001,IL004,3.1,84.359,73763.0,40672.9717424447
FCY00007,C007,YR001,IL001,30.5835419034964,71.1128560080646,428315886.0,6096.72395041636
FCY00008,C008,YR001,IL004,5.6,82.388,9223225.0,43733.6192287435
FCY00009,C009,YR001,IL003,9.4,76.543,44288894.0,14532.5009308511
FCY00010,C010,YR001,IL003,11.7,75.2170731707317,2979400.0,3869.05373867752
FCY00011,C011,YR001,IL004,8.3,77.03,90468.0,16965.7288273816
FCY00012,C012,YR001,IL004,3.2,82.5,24592588.0,54117.547718609
FCY00013,C013,YR001,IL004,3.0,81.6439024390244,8797566.0,47163.7425775142
FCY00014,C014,YR001,IL003,18.6,72.694,9854033.0,4147.1981423222
FCY00015,C015,YR001,IL002,38.4,61.345,11506762.0,246.060725714184
FCY00016,C016,YR001,IL004,3.3,81.4926829268293,11375158.0,44035.3239358548
FCY00017,C017,YR001,IL005,54.4,59.528,12039780.0,1054.97408066814
FCY00018,C018,YR001,IL002,53.1,59.578,19894407.0,709.091535894695
FCY00019,C019,YR001,IL005,27.3,71.606,162186147.0,1811.08221668646
FCY00020,C020,YR001,IL004,6.1,74.8146341463415,6803468.0,8696.68930427924
FCY00021,C021,YR001,IL004,6.3,80.407,1501116.0,24784.7693514607
FCY00022,C022,YR001,IL004,12.1,74.031,390485.0,31875.4881749619
FCY00023,C023,YR001,IL003,6.0,77.385,3428682.0,5345.01978766473
FCY00024,C024,YR001,IL003,2.8,74.1292682926829,9458989.0,5785.54491935194
FCY00025,C025,YR001,IL003,12.1,72.062,373202.0,6071.85451846453
FCY00026,C026,YR001,IL005,20.8,67.536,11344587.0,4048.40119739839
FCY00027,C027,YR001,IL003,13.3,75.383,204703445.0,10080.5078722821
FCY00028,C028,YR001,IL004,11.2,76.237,280171.0,20284.5762052461
FCY00029,C029,YR001,IL004,9.1,74.943,432772.0,28024.3824580252
FCY00030,C030,YR001,IL005,20.3,71.413,754335.0,3435.28804735662
FCY00031,C031,YR001,IL003,40.0,65.42,2266747.0,7104.96401088027
FCY00032,C032,YR001,IL002,88.4,45.231,4793511.0,432.324025684263
FCY00033,C033,YR001,IL004,4.5,81.8078048780488,36545075.0,45129.628116623
FCY00034,C034,YR001,IL001,4.45228247513288,76.929788715597,102337501.0,14339.8243059389
FCY00035,C035,YR001,IL004,3.6,83.5512195121951,8451840.0,82254.3769269767
FCY00036,C036,YR001,IL004,6.5,80.61,18558868.0,14879.9086227187
FCY00037,C037,YR001,IL003,7.0,77.235,1396215000.0,8979.67652709856
FCY00038,C038,YR001,IL005,55.2,59.315,26733372.0,1964.29930338343
FCY00039,C039,YR001,IL005,49.6,60.817,24128601.0,1496.08951771242
FCY00040,C040,YR001,IL002,55.4,59.495,87083398.0,431.052559128788
FCY00041,C041,YR001,IL005,33.2,64.203,5351011.0,2211.63309874797
FCY00042,C042,YR001,IL003,13.1,76.418,48131078.0,6479.53231292429
FCY00043,C043,YR001,IL005,41.3,65.127,756669.0,1423.9248027797
FCY00044,C044,YR001,IL003,15.1,74.71,512893.0,3893.09571382506
FCY00045,C045,YR001,IL004,7.7,79.994,4913177.0,12317.0902771304
FCY00046,C046,YR001,IL001,19.5721339239187,72.1731041595093,4366140.0,13671.1377634132
FCY00047,C047,YR001,IL003,5.1,77.3,11247829.0,8610.60829605429
FCY00048,C048,YR001,IL004,2.2,81.543,1254275.0,26247.44921875
FCY00049,C049,YR001,IL004,2.6,78.9780487804878,10594438.0,20913.197632212
FCY00050,C050,YR001,IL004,3.2,80.9926829268293,82657002.0,45553.9341495339
FCY00051,C051,YR001,IL005,53.3,63.71,1054841.0,2618.95521147369
FCY00052,C052,YR001,IL003,28.7,68.62,68496.0,8224.64896571414
FCY00053,C053,YR001,IL004,3.4,81.1024390243903,5764980.0,57521.5514992225
FCY00054,C054,YR001,IL003,31.2,73.37,10666843.0,7412.71571571512
FCY00055,C055,YR001,IL003,21.3,75.431,41689299.0,4554.66753957828
FCY00056,C056,YR001,IL001,12.4963418670572,75.2396714880306,2087238522.0,7241.92533864361
FCY00057,C057,YR001,IL001,31.296660942754,70.2729949393554,3274060446.0,3457.64943157186
FCY00058,C058,YR001,IL001,11.9,76.0789923585537,2333475520.0,10566.2828244863
FCY00059,C059,YR001,IL001,13.2605083570662,74.4033539029016,244308649.0,6138.12063922999
FCY00060,C060,YR001,IL001,7.4,77.8990151719065,915065824.0,23814.1197034605
FCY00061,C061,YR001,IL003,12.2,76.22,16759519.0,6233.32244797718
FCY00062,C062,YR001,IL005,23.4,70.709,103696057.0,2395.10333299491
FCY00063,C063,YR001,IL001,3.13443509867555,81.8838037060629,344810179.0,37243.5651015997
FCY00064,C064,YR001,IL002,30.5,66.612,3150347.0,694.2114670452045
FCY00065,C065,YR001,IL004,2.7,83.2829268292683,46571232.0,28381.3425596906
FCY00066,C066,YR001,IL004,2.2,78.0926829268293,1317384.0,20851.5223496861
FCY00067,C067,YR001,IL006,44.0,64.766,109666481.0,696.348429076216
FCY00068,C068,YR001,IL001,3.41352152542385,80.9301511681956,445321060.0,33394.5888043692
FCY00069,C069,YR001,IL001,54.9004734677599,61.2296826870125,931222867.0,1549.60952933559
FCY00070,C070,YR001,IL004,1.9,81.6317073170732,5508214.0,46085.0174739036
FCY00071,C071,YR001,IL003,17.7,67.06,918759.0,5826.84814459328
FCY00072,C072,YR001,IL004,3.3,82.5756097560976,66918020.0,38687.1626407164
FCY00073,C073,YR001,IL005,25.2,65.761,109481.0,3279.10779039285
FCY00074,C074,YR001,IL003,32.0,66.816,2156900.0,6921.73373135624
FCY00075,C075,YR001,IL004,3.8,81.2560975609756,65966000.0,40916.8115070354
FCY00076,C076,YR001,IL003,8.5,73.435,3728004.0,4418.75206546679
FCY00077,C077,YR001,IL005,35.4,63.829,30008354.0,2012.28662641265
FCY00078,C078,YR001,IL005,69.0,58.715,12385659.0,833.598621691121
FCY00079,C079,YR001,IL002,40.7,63.708,2342189.0,642.522641296331
FCY00080,C080,YR001,IL002,51.7,61.148,1877072.0,783.123186602022
FCY00081,C081,YR001,IL003,59.1,61.481,1562396.0,7809.10465655488
FCY00082,C082,YR001,IL004,3.6,81.2878048780488,10754679.0,18631.9930129293
FCY00083,C083,YR001,IL003,16.3,74.977,115438.0,9751.42661155932
FCY00084,C084,YR001,IL003,21.6,71.583,16567357.0,4324.99768915601
FCY00085,C085,YR001,IL004,28.8,68.543,768479.0,6178.6650437298
FCY00086,C087,YR001,IL005,15.9,71.805,9588137.0,2413.0076562942
FCY00087,C088,YR001,IL001,49.5512668343816,62.3152990434581,779389964.0,943.132832332498
FCY00088,C089,YR001,IL004,4.1,77.7268292682927,4041407.0,13901.7878144679
FCY00089,C090,YR001,IL005,47.2,63.832,10817754.0,1395.23945184461
FCY00090,C091,YR001,IL004,3.7,75.8170731707317,9726756.0,14736.1668157258
FCY00091,C092,YR001,IL001,19.7750570088678,73.4857607809887,4765773411.0,6053.30921793356
FCY00092,C093,YR001,IL001,32.3745411850762,70.8308974097559,6440011821.0,4831.93005964107
FCY00093,C094,YR001,IL001,50.6952918637012,63.2737435487005,1674238410.0,1355.23505457315
FCY00094,C095,YR001,IL001,58.1936266652929,60.818392907263,590024074.0,1804.50559433385
FCY00095,C096,YR001,IL003,20.1,69.953,267346658.0,3798.88326174526
FCY00096,C097,YR001,IL001,46.5280495003312,64.6099332119955,1084214336.0,1110.744251052
FCY00097,C098,YR001,IL005,32.9,70.068,1359657400.0,1950.10468280866
FCY00098,C099,YR001,IL004,3.0,82.1560975609756,4827445.0,72161.4047531385
FCY00099,C100,YR001,IL003,13.0,76.396,85026754.0,6000.93346404409
FCY00100,C101,YR001,IL003,25.1,69.788,39337353.0,4759.2846435467
FCY00101,C102,YR001,IL004,2.0,82.6609756097561,343400.0,72976.3729990975
FCY00102,C103,YR001,IL004,3.0,82.5512195121951,8713300.0,41138.470964272
FCY00103,C104,YR001,IL004,2.8,82.9463414634147,60002252.0,32844.115660604
FCY00104,C105,YR001,IL003,17.2,71.879,2815764.0,5605.43541173019
FCY00105,C106,YR001,IL005,14.3,76.071,10234226.0,4065.61628749384
FCY00106,C107,YR001,IL004,1.9,84.099756097561,126972000.0,38834.0529341227
FCY00107,C108,YR001,IL003,8.4,72.996,18651931.0,8943.08416791984
FCY00108,C109,YR001,IL005,38.2,62.725,49197766.0,1667.48447230835
FCY00109,C110,YR001,IL005,17.4,71.2,6306696.0,1221.39046807082
FCY00110,C111,YR001,IL005,22.5,69.842,16073372.0,1826.35391688754
FCY00111,C112,YR001,IL005,43.2,65.787,120275.0,1853.05122713319
FCY00112,C113,YR001,IL004,16.5,71.284,47050.0,22464.9899633959
FCY00113,C114,YR001,IL004,2.7,82.6268292682927,51361911.0,33296.9845439195
FCY00114,C115,YR001,IL004,7.7,79.9160731707317,4154812.0,29047.6536135703
FCY00115,C116,YR001,IL001,15.2151278675723,74.7006534427421,561957179.0,8827.8501051856
FCY00116,C117,YR001,IL005,36.4,67.345,7018147.0,2432.43059478511
FCY00117,C118,YR001,IL005,11.8,78.192,6160128.0,8608.21084982387
FCY00118,C119,YR001,IL002,63.7,60.777,4848925.0,699.269095727404
FCY00119,C120,YR001,IL003,9.8,72.721,6738770.0,9965.83236729757
FCY00120,C121,YR001,IL003,16.8,72.522,176342.0,11333.1123822102
FCY00121,C122,YR001,IL001,15.3,74.8318087892113,630414986.0,9065.54817792866
FCY00122,C123,YR001,IL001,47.8350515081626,64.0340553688659,1008993468.0,1035.19428808636
FCY00123,C125,YR001,IL005,6.7,76.239,21453000.0,4398.88828068715
FCY00124,C127,YR001,IL001,32.5977796519566,70.8080047482829,6093971714.0,4615.000484095
FCY00125,C128,YR001,IL005,68.0,53.874,2157110.0,1069.36673247542
FCY00126,C129,YR001,IL001,8.69753410299959,76.4174343501022,2285870134.0,9138.44134545505
FCY00127,C130,YR001,IL004,3.7,75.4804878048781,2842639.0,16800.1510246099
FCY00128,C131,YR001,IL004,2.1,82.0951219512195,596336.0,110193.213797228
FCY00129,C132,YR001,IL004,3.8,74.6292682926829,1942248.0,15132.4958333982
FCY00130,C133,YR001,IL005,19.3,73.608,35446392.0,3296.52661132813
FCY00131,C134,YR001,IL004,2.7,85.878,37678.0,170663.375247872
FCY00132,C135,YR001,IL003,14.0,70.375,2755189.0,3453.26727720294
FCY00133,C136,YR001,IL002,43.7,63.433,26788375.0,491.866848718929
FCY00134,C137,YR001,IL003,7.4,79.228,458287.0,10509.628805812
FCY00135,C138,YR001,IL001,37.7,70.7096592741194,718887744.0,5279.47951180077
FCY00136,C139,YR001,IL003,14.4,74.261,123400057.0,9649.27816772402
FCY00137,C140,YR001,IL003,27.8,65.673,46529.0,4592.83457628576
FCY00138,C141,YR001,IL001,28.6877256679745,71.6596834645843,5579081195.0,4982.00575599033
FCY00139,C142,YR001,IL003,8.5,75.9536585365854,1898657.0,5955.2973863451
FCY00140,C143,YR001,IL002,61.9,58.562,19813011.0,924.057531692284
FCY00141,C144,YR001,IL004,5.6,82.1951219512195,467106.0,30317.2443175543
FCY00142,C145,YR001,IL005,41.1,65.909,51894938.0,1272.82241815234
FCY00143,C146,YR001,IL001,39.6871762284435,69.8141316373328,656767614.0,2859.85560174494
FCY00144,C147,YR001,IL003,3.0,76.6853658536585,625982.0,7674.2813940676
FCY00145,C148,YR001,IL003,14.2,70.5434146341463,3148917.0,3645.96708669551
FCY00146,C149,YR001,IL002,51.4,60.148,28166393.0,470.93856305196
FCY00147,C150,YR001,IL005,36.7,67.088,4210600.0,1615.00401327323
FCY00148,C151,YR001,IL003,13.3,74.5146341463415,1264887.0,10986.7034093005
FCY00149,C152,YR001,IL002,38.5,63.914,18039715.0,495.769683367165
FCY00150,C153,YR001,IL003,6.7,75.542,32355644.0,9862.54806612235
FCY00151,C154,YR001,IL001,5.5,78.868288279967,363217262.0,58184.8571647569
FCY00152,C155,YR001,IL005,44.3,61.661,2506853.0,5143.96072323076
FCY00153,C156,YR001,IL002,69.3,59.524,21435446.0,521.804130023434
FCY00154,C157,YR001,IL005,68.3,52.397,200254579.0,1876.34027111773
FCY00155,C158,YR001,IL005,13.4,73.389,6316231.0,2182.61380995674
FCY00156,C159,YR001,IL004,3.5,81.7609756097561,17131296.0,49513.6817346384
FCY00157,C160,YR001,IL004,2.1,82.609756097561,5276968.0,76131.8384032764
FCY00158,C161,YR001,IL005,29.6,68.74,28011258.0,1034.28374906846
FCY00159,C162,YR001,IL004,13.4,61.101,11324.0,9656.97976571484
FCY00160,C163,YR001,IL004,4.5,81.8585365853659,4813600.0,42950.3841711138
FCY00161,C164,YR001,IL001,6.44053838549282,79.9309195257905,1348127258.0,37605.270624989
FCY00162,C165,YR001,IL004,8.9,79.748,4537396.0,17820.0661809335
FCY00163,C166,YR001,IL001,28.8792153998443,72.1178742995091,11989367.0,11950.9740553004
FCY00164,C167,YR001,IL005,59.8,66.223,223273967.0,1519.23459514248
FCY00165,C168,YR001,IL004,13.3,77.901,4098707.0,15694.6297518495
FCY00166,C169,YR001,IL003,13.1,75.958,31324637.0,6736.16693725487
FCY00167,C170,YR001,IL005,22.3,69.966,108119693.0,3038.12124959289
FCY00168,C171,YR001,IL004,19.4,69.019,17812.0,16401.7847567871
FCY00169,C172,YR001,IL005,38.3,64.923,9178714.0,2477.76530986323
FCY00170,C173,YR001,IL004,4.0,77.7536585365854,37974826.0,13913.3402919927
FCY00171,C174,YR001,IL001,54.9009635136217,59.5403225971681,920568701.0,1338.96011884626
FCY00172,C175,YR001,IL002,15.4,73.034,25817709.0,694.2114670452045
FCY00173,C176,YR001,IL004,2.9,81.4243902439025,10300300.0,21442.3842768879
FCY00174,C177,YR001,IL003,18.1,73.45,6338660.0,6152.2671153779
FCY00175,C178,YR001,IL005,14.6,75.216,4454805.0,3620.36048715937
FCY00176,C179,YR001,IL001,19.0774590354896,68.5192875005129,2509999.0,4099.79965867267
FCY00177,C180,YR001,IL001,4.2096051400372,80.6648225207994,1107161559.0,43114.2688521392
FCY00178,C181,YR001,IL004,5.9,82.458,2545820.0,63279.8767486216
FCY00179,C182,YR001,IL004,6.6,75.209756097561,19588715.0,10727.9822007426
FCY00180,C183,YR001,IL004,5.5,72.4514634146342,145293260.0,10658.9130859375
FCY00181,C184,YR001,IL002,32.7,66.14,12202060.0,758.300966509647
FCY00182,C185,YR001,IL001,31.9,70.2904723380061,1572520427.0,1956.06707554186
FCY00183,C186,YR001,IL004,6.4,78.721,30977355.0,23929.2907135982
FCY00184,C187,YR001,IL002,45.9,65.146,42714306.0,966.505676269531
FCY00185,C188,YR001,IL005,36.3,67.059,15475002.0,1356.80518449031
FCY00186,C189,YR001,IL004,2.1,83.0951219512195,5612253.0,61236.251270627
FCY00187,C190,YR001,IL005,19.4,69.652,685672.0,2143.57670489272
FCY00188,C191,YR001,IL002,68.7,57.761,7379299.0,779.186007841728
FCY00189,C192,YR001,IL003,11.5,71.007,6213533.0,4020.12671373919
FCY00190,C193,YR001,IL004,1.6,84.933,33825.0,45192.0279766943
FCY00191,C194,YR001,IL002,96.5,52.19,14916629.0,510.939952317726
FCY00192,C195,YR001,IL003,5.1,75.5390243902439,7020858.0,6548.03653824187
FCY00193,C196,YR001,IL001,53.8859130644351,59.6367945564451,971179323.0,1641.39239957439
FCY00194,C197,YR001,IL002,181.5,35.351,10259154.0,694.2114670452045
FCY00195,C198,YR001,IL001,53.0,60.1584760722652,1080941647.0,1546.91774199323
FCY00196,C199,YR001,IL001,25.1492688282222,71.6518752446228,18865506.0,11304.5050810878
FCY00197,C200,YR001,IL005,12.9,67.074,206970.0,1555.79477812888
FCY00198,C201,YR001,IL003,18.0,71.247,593713.0,6049.52128553675
FCY00199,C202,YR001,IL004,5.0,77.1658536585366,5439232.0,17645.5298716761
FCY00200,C203,YR001,IL004,2.0,81.0292682926829,2066388.0,23303.077705959
FCY00201,C204,YR001,IL004,2.3,82.409756097561,10057698.0,53210.2233318965
FCY00202,C205,YR001,IL005,51.1,57.574,1158195.0,3853.09956569679
FCY00203,C206,YR001,IL004,13.4,74.3,95843.0,17480.3651911372
FCY00204,C207,YR001,IL002,24.2,65.651,19224668.0,851.502005254153
FCY00205,C208,YR001,IL004,3.8,77.505,39913.0,30014.2309523213
FCY00206,C209,YR001,IL002,68.3,51.875,15622759.0,854.46120040098
FCY00207,C210,YR001,IL001,12.4626045759779,75.2671640185859,2061449949.0,7323.51364847919
FCY00208,C211,YR001,IL001,10.3262439132312,74.1318681774556,458010325.0,8575.46129195764
FCY00209,C212,YR001,IL002,42.6,60.145,8057140.0,792.765700965864
FCY00210,C213,YR001,IL003,9.5,76.989,71160187.0,6413.09182530343
FCY00211,C214,YR001,IL005,25.5,70.524,9085946.0,829.45714764957
FCY00212,C215,YR001,IL003,34.2,69.19,6507061.0,5828.4816623489
FCY00213,C216,YR001,IL001,15.3939832152582,74.7614101353626,614776664.0,8918.30251254156
FCY00214,C217,YR001,IL005,41.4,65.898,1251703.0,1266.17771143471
FCY00215,C218,YR001,IL001,39.902533909126,69.7772409464567,652312809.0,2854.66192638041
FCY00216,C219,YR001,IL003,9.2,72.066,105356.0,4365.92932788383
FCY00217,C220,YR001,IL001,31.8764606632544,70.2904723380061,1572520427.0,1956.06707554186
FCY00218,C221,YR001,IL001,52.9500908356839,60.1584760722652,1080941647.0,1546.91774199323
FCY00219,C222,YR001,IL004,19.9,72.984,1356633.0,17566.0999700656
FCY00220,C223,YR001,IL005,15.5,75.177,11650498.0,3619.03247319953
FCY00221,C224,YR001,IL003,10.1,77.037,80312698.0,10756.3877677883
FCY00222,C225,YR001,IL003,20.8,65.683,10869.0,4165.66338700106
FCY00223,C226,YR001,IL005,37.5,64.963,55652890.0,986.674011230469
FCY00224,C227,YR001,IL002,38.1,65.174,40177388.0,765.218332297361
FCY00225,C228,YR001,IL003,8.7,73.993,45436041.0,2604.28759765625
FCY00226,C230,YR001,IL004,6.8,77.618,3388438.0,19184.6502617082
FCY00227,C231,YR001,IL004,5.6,78.5390243902439,326608609.0,59635.0984397965
FCY00228,C232,YR001,IL005,16.4,71.737,31819178.0,2190.60411562888
FCY00229,C233,YR001,IL003,14.1,71.013,105663.0,7988.04445019298
FCY00230,C234,YR001,IL006,21.2,71.903,30565323.0,3791.33160682077
FCY00231,C235,YR001,IL004,13.6,75.67,32699.0,32067.9623756889
FCY00232,C236,YR001,IL005,14.9,74.026,95176977.0,2956.10992127753
FCY00233,C237,YR001,IL005,15.2,70.5,278507.0,3159.86055790126
FCY00234,C238,YR001,IL001,30.0,72.3651230321768,7614523410.0,10747.764306505
FCY00235,C239,YR001,IL003,14.5,70.991,205415.0,4307.59381964907
FCY00236,C240,YR001,IL003,11.5,77.105,1791019.0,4009.32022050863
FCY00237,C241,YR001,IL002,40.1,67.12,33090921.0,811.165970405745
FCY00238,C242,YR001,IL003,26.8,65.422,57635162.0,6618.33508255701
FCY00239,C243,YR001,IL005,38.8,61.564,17441320.0,1483.46577328065
FCY00240,C244,YR001,IL005,54.2,60.263,14812482.0,3445.44941020134
FCY00241,C001,YR002,IL001,44.463549484202,63.3306913582336,657801085.0,1552.07372194919
FCY00242,C002,YR002,IL002,58.3,62.443,36743039.0,491.337221382603
FCY00243,C003,YR002,IL001,60.3832231751609,57.0371042874016,452195915.0,1720.14009242722
FCY00244,C004,YR002,IL005,36.0,62.622,31297155.0,2860.0936483682
FCY00245,C005,YR002,IL003,7.8,79.238,2607733.0,5897.65452588774
FCY00246,C006,YR002,IL004,3.0,84.242,75162.0,42819.7577456133
FCY00247,C007,YR002,IL001,29.7887898491258,71.4312997859137,435998060.0,6699.18058175457
FCY00248,C008,YR002,IL004,5.3,82.449,9346701.0,47135.3591943971
FCY00249,C009,YR002,IL003,9.1,76.77,44654882.0,11752.7998922979
FCY00250,C010,YR002,IL003,11.2,75.619512195122,2969000.0,4196.00562301769
FCY00251,C011,YR002,IL004,8.1,77.132,90926.0,18273.4270684912
FCY00252,C012,YR002,IL004,3.2,82.7487804878049,24963258.0,57410.1737346009
FCY00253,C013,YR002,IL004,2.9,81.6926829268293,8840521.0,51194.0749841299
FCY00254,C014,YR002,IL003,17.5,73.016,9939771.0,4739.7943123408
FCY00255,C015,YR002,IL002,37.0,61.806,11859446.0,245.661678332009
FCY00256,C016,YR002,IL004,3.3,81.5951219512195,11427054.0,47487.2100392561
FCY00257,C017,YR002,IL005,53.1,59.71,12383347.0,1151.7409703472
FCY00258,C018,YR002,IL002,51.7,59.972,20438288.0,777.465618514048
FCY00259,C019,YR002,IL005,26.2,72.122,163523103.0,1965.24372731467
FCY00260,C020,YR002,IL004,5.8,74.9634146341464,6710798.0,9849.38397225174
FCY00261,C021,YR002,IL004,6.4,80.412,1503091.0,26324.4066549559
FCY00262,C022,YR002,IL004,12.0,74.062,392717.0,32642.3353203452
FCY00263,C023,YR002,IL003,6.0,77.942,3387000.0,6047.84707207392
FCY00264,C024,YR002,IL003,2.6,74.1756097560976,9438785.0,6360.037502312
FCY00265,C025,YR002,IL003,11.7,72.322,380226.0,6011.99036888587
FCY00266,C026,YR002,IL005,19.6,67.699,11508368.0,4206.8552936661
FCY00267,C027,YR002,IL003,13.1,75.633,206107261.0,9300.66072904004
FCY00268,C028,YR002,IL004,10.9,76.378,280711.0,21381.2426303209
FCY00269,C029,YR002,IL004,9.1,74.992,437810.0,30988.1190267227
FCY00270,C030,YR002,IL005,19.1,71.711,759759.0,3400.20417245342
FCY00271,C031,YR002,IL003,38.7,66.371,2299141.0,7407.95940141786
FCY00272,C032,YR002,IL002,73.9,52.297,4878657.0,455.243962859534
FCY00273,C033,YR002,IL004,4.5,81.8036585365854,37072620.0,46539.1761570405
FCY00274,C034,YR002,IL001,4.26028713692627,76.9764380835075,102074201.0,16227.2484719489
FCY00275,C035,YR002,IL004,3.6,83.7536585365854,8514329.0,85217.3691512274
FCY00276,C036,YR002,IL004,6.3,80.559,18893191.0,15659.4808675628
FCY00277,C037,YR002,IL003,6.4,77.709,1402760000.0,10085.6638148819
FCY00278,C038,YR002,IL005,53.5,59.795,27464173.0,2130.86619381144
FCY00279,C039,YR002,IL005,48.0,61.189,24806383.0,1610.69641591017
FCY00280,C040,YR002,IL002,55.8,59.926,90047644.0,518.169626875371
FCY00281,C041,YR002,IL005,32.2,64.472,5483118.0,2694.43413191427
FCY00282,C042,YR002,IL003,12.7,76.579,49024465.0,6816.96818309544
FCY00283,C043,YR002,IL005,40.6,65.401,771590.0,1527.40527125285
FCY00284,C044,YR002,IL003,14.1,74.84,513415.0,4294.96510035729
FCY00285,C045,YR002,IL004,7.8,80.09,4957818.0,12590.2493781614
FCY00286,C046,YR002,IL001,19.1054984373631,72.2210854022703,4407658.0,13896.7409040963
FCY00287,C047,YR002,IL003,5.2,77.426,11227118.0,8911.46205998726
FCY00288,C048,YR002,IL004,2.3,81.556,1270737.0,29120.375
FCY00289,C049,YR002,IL004,2.5,79.0292682926829,10629928.0,23705.9329811299
FCY00290,C050,YR002,IL004,3.2,80.8926829268293,82905782.0,48916.1686612154
FCY00291,C051,YR002,IL005,51.8,64.105,1071882.0,2718.08338799203
FCY00292,C052,YR002,IL003,29.7,71.378,68174.0,9215.3085405645
FCY00293,C053,YR002,IL004,3.4,80.9536585365854,5793636.0,61324.7665045565
FCY00294,C054,YR002,IL003,31.1,73.555,10782053.0,7882.98221584944
FCY00295,C055,YR002,IL003,21.0,75.555,42505035.0,4577.21029180491
FCY00296,C056,YR002,IL001,12.4379101812444,75.57828618156,2100698838.0,8045.94630458507
FCY00297,C057,YR002,IL001,30.2956329291848,70.5486659921504,3314245247.0,3463.50882263374
FCY00298,C058,YR002,IL001,11.9,76.3914229383171,2347576325.0,11438.8584591418
FCY00299,C059,YR002,IL001,12.9427002190535,74.5927989243036,246400484.0,5996.28775888893
FCY00300,C060,YR002,IL001,7.3,78.0318405978087,918689254.0,25408.6379771601
FCY00301,C061,YR002,IL003,11.9,77.248,17049547.0,6303.91886658338
FCY00302,C062,YR002,IL005,23.1,70.974,105682094.0,2484.70315630508
FCY00303,C063,YR002,IL001,3.11865544603041,82.0027602577719,345864630.0,40107.5362854643
FCY00304,C064,YR002,IL002,29.6,66.979,3192760.0,694.2114670452045
FCY00305,C065,YR002,IL004,2.7,83.4317073170732,46782011.0,30602.4212881113
FCY00306,C066,YR002,IL004,2.0,78.2439024390244,1321977.0,23618.1361254581
FCY00307,C067,YR002,IL006,42.3,65.257,112664152.0,739.702022272086
FCY00308,C068,YR002,IL001,3.35065732237221,81.0317510064821,446329890.0,36054.953230113
FCY00309,C069,YR002,IL001,53.0296330160752,61.7825083062786,951851595.0,1634.92965875473
FCY00310,C070,YR002,IL004,1.9,81.7341463414634,5515525.0,49654.2497035329
FCY00311,C071,YR002,IL003,19.0,66.965,917180.0,6085.41979485376
FCY00312,C072,YR002,IL004,3.3,82.6756097560976,67158348.0,41418.1766484844
FCY00313,C073,YR002,IL005,24.5,65.943,109909.0,3566.58690371125
FCY00314,C074,YR002,IL003,31.1,67.043,2212318.0,7624.2775233771
FCY00315,C075,YR002,IL004,3.8,81.2560975609756,66289000.0,43702.9976303165
FCY00316,C076,YR002,IL003,8.3,73.985,3726549.0,4804.0546040444
FCY00317,C077,YR002,IL005,34.1,64.138,30637585.0,2195.32166016377
FCY00318,C078,YR002,IL005,68.1,59.043,12704774.0,933.273615633705
FCY00319,C079,YR002,IL002,39.4,64.034,2399632.0,696.219806960615
FCY00320,C080,YR002,IL002,50.1,61.652,1922168.0,808.531613218504
FCY00321,C081,YR002,IL003,57.2,61.915,1616422.0,8102.47084834031
FCY00322,C082,YR002,IL004,3.6,81.7878048780488,10732882.0,19873.4015238771
FCY00323,C083,YR002,IL003,16.6,74.957,115691.0,10083.021279225
FCY00324,C084,YR002,IL003,20.8,71.496,16845685.0,4352.94593289707
FCY00325,C085,YR002,IL004,27.9,68.829,791556.0,6048.38697180418
FCY00326,C087,YR002,IL005,15.4,72.001,9765210.0,2464.64241531918
FCY00327,C088,YR002,IL001,48.1679135592213,62.7986163404611,802020674.0,985.478210719267
FCY00328,C089,YR002,IL004,4.1,77.919512195122,3988775.0,15460.3669595491
FCY00329,C090,YR002,IL005,46.0,64.077,10962362.0,1496.38048970156
FCY00330,C091,YR002,IL004,3.6,76.0658536585366,9706964.0,16605.0570511887
FCY00331,C092,YR002,IL001,19.502307671502,73.794943952938,4806981820.0,6394.19484299789
FCY00332,C093,YR002,IL001,31.9305017262586,71.1530163508746,6518058354.0,5085.50217477104
FCY00333,C094,YR002,IL001,48.9756798608582,63.7309649694635,1711076534.0,1408.95016839901
FCY00334,C095,YR002,IL001,57.3755486802668,61.0740542759518,601951913.0,1869.38204447614
FCY00335,C096,YR002,IL003,19.3,70.08,269951846.0,3860.95353090726
FCY00336,C097,YR002,IL001,44.3767994211272,65.1729422228289,1109124621.0,1159.06134313704
FCY00337,C098,YR002,IL005,31.3,70.415,1374659064.0,1966.25455171679
FCY00338,C099,YR002,IL004,3.0,82.2048780487805,4898022.0,80804.1123164826
FCY00339,C100,YR002,IL003,12.6,76.621,86117998.0,4783.01067340237
FCY00340,C101,YR002,IL003,24.3,71.116,40265624.0,5646.68932074742
FCY00341,C102,YR002,IL004,2.1,82.8609756097561,352721.0,75633.8651351915
FCY00342,C103,YR002,IL004,2.9,82.8024390243903,8882800.0,42362.6652754196
FCY00343,C104,YR002,IL004,2.7,83.3463414634146,60148658.0,34904.1081923834
FCY00344,C105,YR002,IL003,17.2,71.606,2820097.0,5976.90362644337
FCY00345,C106,YR002,IL005,14.0,76.491,10462306.0,4145.43989673265
FCY00346,C107,YR002,IL004,1.9,84.2109756097561,126811000.0,39751.1330982711
FCY00347,C108,YR002,IL003,8.2,73.369,18932727.0,9472.48527327758
FCY00348,C109,YR002,IL005,37.5,62.825,50207107.0,1836.45275528993
FCY00349,C110,YR002,IL005,16.6,71.4,6444079.0,1283.5203037417
FCY00350,C111,YR002,IL005,21.2,69.993,16274522.0,2036.67377566578
FCY00351,C112,YR002,IL005,43.2,65.807,122084.0,1912.73809378187
FCY00352,C113,YR002,IL004,16.2,71.336,47008.0,22901.3816403197
FCY00353,C114,YR002,IL004,2.6,82.6268292682927,51585058.0,35363.9508228687
FCY00354,C115,YR002,IL004,7.6,80.1063658536585,4323515.0,32067.9623756889
FCY00355,C116,YR002,IL001,14.8494626422004,74.8906731016397,567711159.0,8484.48335233409
FCY00356,C117,YR002,IL005,34.8,67.594,7128045.0,2545.1075420815
FCY00357,C118,YR002,IL005,12.2,78.263,5984119.0,9174.53666204759
FCY00358,C119,YR002,IL002,63.4,60.999,4944726.0,692.203127129794
FCY00359,C120,YR002,IL003,9.5,73.151,6849055.0,11196.5854810844
FCY00360,C121,YR002,IL003,16.7,72.655,177017.0,11642.6984727769
FCY00361,C122,YR002,IL001,14.9,75.052717198381,635778081.0,8778.37906311973
FCY00362,C123,YR002,IL001,45.6124436900325,64.6023317246507,1033110314.0,1080.56177999961
FCY00363,C125,YR002,IL005,6.5,76.485,21670000.0,4358.56095906047
FCY00364,C127,YR002,IL001,32.1549671553913,71.1341707290628,6169658713.0,4853.74507668345
FCY00365,C128,YR002,IL005,65.2,54.638,2183603.0,1170.65569702819
FCY00366,C129,YR002,IL001,8.38966269944465,76.7781489421434,2298394042.0,9966.81160876463
FCY00367,C130,YR002,IL004,3.5,75.6804878048781,2819200.0,19247.2315367967
FCY00368,C131,YR002,IL004,2.1,82.2951219512195,607950.0,116926.759593905
FCY00369,C132,YR002,IL004,3.6,74.7829268292683,1927174.0,17252.1710428626
FCY00370,C133,YR002,IL005,18.5,73.946,35839760.0,3501.69799804688
FCY00371,C134,YR002,IL004,2.6,86.084,38154.0,188298.315668437
FCY00372,C135,YR002,IL003,14.1,70.236,2707203.0,4156.44981956646
FCY00373,C136,YR002,IL002,43.9,63.491,27494926.0,500.45718552916
FCY00374,C137,YR002,IL003,6.9,79.433,473099.0,11423.2838427029
FCY00375,C138,YR002,IL001,37.2,70.9403213532696,730362334.0,5545.88899607591
FCY00376,C139,YR002,IL003,14.0,74.301,124573711.0,10084.7937562021
FCY00377,C140,YR002,IL003,27.0,65.87,45285.0,4858.12079054875
FCY00378,C141,YR002,IL001,28.5057032787875,71.9597989462594,5640136670.0,5248.39737081301
FCY00379,C142,YR002,IL003,7.4,76.6487804878049,1889051.0,6713.98925398989
FCY00380,C143,YR002,IL002,59.7,58.873,20442030.0,996.379292136901
FCY00381,C144,YR002,IL004,5.5,82.2487804878049,483903.0,33382.2677499267
FCY00382,C145,YR002,IL005,39.8,66.232,52272247.0,1298.21310327675
FCY00383,C146,YR002,IL001,39.1265063924956,70.0733668958653,668447432.0,2809.30894215325
FCY00384,C147,YR002,IL003,2.8,77.8853658536585,626438.0,8673.59128084795
FCY00385,C148,YR002,IL003,13.5,70.8270731707317,3208189.0,4107.64288528468
FCY00386,C149,YR002,IL002,50.3,60.79,29018644.0,517.507260258101
FCY00387,C150,YR002,IL005,35.8,67.419,4337685.0,1722.93528854073
FCY00388,C151,YR002,IL003,13.7,74.4163414634146,1265577.0,11818.7480619272
FCY00389,C152,YR002,IL002,38.0,64.464,18528081.0,533.202567189331
FCY00390,C153,YR002,IL003,6.8,75.734,32910967.0,10901.8019954421
FCY00391,C154,YR002,IL001,5.5,78.960276789842,365666028.0,60890.5689258698
FCY00392,C155,YR002,IL005,43.8,62.579,2577327.0,5308.60813408705
FCY00393,C156,YR002,IL002,69.3,59.765,22188069.0,578.568035680892
FCY00394,C157,YR002,IL005,68.7,52.669,204938755.0,2057.87944554011
FCY00395,C158,YR002,IL005,12.9,73.879,6400080.0,2035.16549390507
FCY00396,C159,YR002,IL004,3.5,81.8121951219512,17231624.0,53955.0770024266
FCY00397,C160,YR002,IL004,2.0,82.7585365853659,5311916.0,82792.8427113304
FCY00398,C161,YR002,IL005,28.3,69.036,28079689.0,1179.19843190389
FCY00399,C162,YR002,IL004,12.2,61.238,11477.0,11413.7463016389
FCY00400,C163,YR002,IL004,4.5,81.7073170731707,4900600.0,43257.0769238879
FCY00401,C164,YR002,IL001,6.35181307348757,80.0280311277289,1356470975.0,39552.6956716291
FCY00402,C165,YR002,IL004,8.8,79.864,4597877.0,19901.7615642016
FCY00403,C166,YR002,IL001,27.8833337377757,72.4217850423792,12135267.0,13025.990833966
FCY00404,C167,YR002,IL005,58.1,66.481,226928892.0,1569.33814626355
FCY00405,C168,YR002,IL004,12.9,78.266,4167860.0,16151.3273433486
FCY00406,C169,YR002,IL003,12.8,76.018,31897584.0,6978.49121548627
FCY00407,C170,YR002,IL005,22.5,69.761,109465287.0,3168.51036609727
FCY00408,C171,YR002,IL004,19.7,68.989,17814.0,16166.9671073752
FCY00409,C172,YR002,IL005,37.3,65.114,9394513.0,2566.36833735041
FCY00410,C173,YR002,IL004,3.9,77.6024390243903,37974750.0,15658.2120316794
FCY00411,C174,YR002,IL001,53.0125068089293,60.2075335712172,946317177.0,1449.85562070843
FCY00412,C175,YR002,IL002,14.8,73.02,25931147.0,694.2114670452045
FCY00413,C176,YR002,IL004,2.9,81.3243902439024,10283822.0,23541.1401075289
FCY00414,C177,YR002,IL003,17.6,73.627,6427382.0,6258.44991640984
FCY00415,C178,YR002,IL005,14.1,75.38,4569087.0,3562.33094270256
FCY00416,C179,YR002,IL001,19.2835998936885,68.5825887890247,2542009.0,4247.0901276249
FCY00417,C180,YR002,IL001,4.18577737798877,80.7441118099251,1111377470.0,45535.8018785923
FCY00418,C181,YR002,IL004,5.6,82.714,2580734.0,71039.9308240078
FCY00419,C182,YR002,IL004,6.1,75.3585365853659,19473970.0,12416.134317959
FCY00420,C183,YR002,IL004,5.1,72.6621951219512,145398106.0,11211.8876953125
FCY00421,C184,YR002,IL002,32.2,66.354,12487996.0,771.773511207309
FCY00422,C185,YR002,IL001,30.3,70.6523573971364,1589164714.0,1988.3663331799
FCY00423,C186,YR002,IL004,6.0,78.75,30196281.0,29360.0658968566
FCY00424,C187,YR002,IL002,44.6,65.501,44230596.0,731.027465820313
FCY00425,C188,YR002,IL005,35.7,67.379,15914498.0,1452.55612562445
FCY00426,C189,YR002,IL004,2.0,83.2975609756098,5638676.0,66881.6067035265
FCY00427,C190,YR002,IL005,19.1,69.806,709101.0,2278.19908624102
FCY00428,C191,YR002,IL002,66.3,59.059,7554563.0,845.914540460932
FCY00429,C192,YR002,IL003,11.1,71.384,6219807.0,4183.54620971358
FCY00430,C193,YR002,IL004,1.6,85.095,34522.0,47950.6880557136
FCY00431,C194,YR002,IL002,85.1,54.767,15452487.0,509.497273804534
FCY00432,C195,YR002,IL003,4.9,75.890243902439,6982604.0,7559.86165747394
FCY00433,C196,YR002,IL001,52.0470345826164,60.25831901022,997236086.0,1718.42346098448
FCY00434,C197,YR002,IL002,92.9,51.905,10122977.0,694.2114670452045
FCY00435,C198,YR002,IL001,51.1,60.7667795961955,1109997000.0,1620.54140805919
FCY00436,C199,YR002,IL001,24.4825080801933,71.8640735615265,19084934.0,12057.788581183
FCY00437,C200,YR002,IL005,12.0,67.602,210187.0,1825.59971753966
FCY00438,C201,YR002,IL003,17.6,71.468,599513.0,6665.74180472239
FCY00439,C202,YR002,IL004,5.0,77.2658536585366,5446771.0,19573.3717031314
FCY00440,C203,YR002,IL004,2.0,81.3780487804878,2073894.0,25888.0481065655
FCY00441,C204,YR002,IL004,2.2,82.5585365853659,10175214.0,54018.4554391861
FCY00442,C205,YR002,IL005,47.7,58.707,1168929.0,3972.65450620357
FCY00443,C206,YR002,IL004,13.5,72.8414634146341,96762.0,18440.2340460932
FCY00444,C207,YR002,IL002,24.2,67.371,19577845.0,1098.0668642357
FCY00445,C208,YR002,IL004,3.7,77.596,41559.0,31625.616593277
FCY00446,C209,YR002,IL002,66.4,52.447,16156531.0,948.656629871231
FCY00447,C210,YR002,IL001,12.4071301006166,75.6101241544348,2074796982.0,8136.37041895137
FCY00448,C211,YR002,IL001,10.0744908261264,74.2976622013592,459946883.0,8911.87742979014
FCY00449,C212,YR002,IL002,41.4,60.608,8258778.0,851.120561233595
FCY00450,C213,YR002,IL003,9.2,77.19,71376079.0,7099.77650081458
FCY00451,C214,YR002,IL005,25.3,70.737,9307333.0,834.288404578801
FCY00452,C215,YR002,IL003,34.1,69.272,6655524.0,6125.05169712085
FCY00453,C216,YR002,IL001,15.0311144710055,74.9760978010797,620274430.0,8620.46890240755
FCY00454,C217,YR002,IL005,40.6,66.204,1275959.0,1219.46599728983
FCY00455,C218,YR002,IL001,39.3434807294902,70.0368444388331,663878345.0,2804.12633142444
FCY00456,C219,YR002,IL003,9.1,72.169,105567.0,4675.04791274385
FCY00457,C220,YR002,IL001,30.358809839756,70.6523573971364,1589164714.0,1988.3663331799
FCY00458,C221,YR002,IL001,51.1058761277368,60.7667795961954,1109997000.0,1620.54140805919
FCY00459,C222,YR002,IL004,19.5,72.658,1359193.0,17571.498737278
FCY00460,C223,YR002,IL005,15.1,75.37,11765514.0,3628.10366464236
FCY00461,C224,YR002,IL003,9.7,77.454,81407204.0,9684.11819884721
FCY00462,C225,YR002,IL003,20.1,65.871,10751.0,4466.12034928245
FCY00463,C226,YR002,IL005,35.9,65.488,57437145.0,1023.10626220703
FCY00464,C227,YR002,IL002,37.3,65.775,41565831.0,792.16570022814
FCY00465,C228,YR002,IL003,8.5,73.569,45208907.0,3059.0517578125
FCY00466,C230,YR002,IL004,6.5,77.527,3394534.0,19249.9404677501
FCY00467,C231,YR002,IL004,5.6,78.6390243902439,328529577.0,62499.8744390068
FCY00468,C232,YR002,IL005,15.6,71.999,32373490.0,1813.08530813664
FCY00469,C233,YR002,IL003,13.5,71.017,104926.0,8428.12677153069
FCY00470,C234,YR002,IL006,21.2,72.641,29807592.0,3422.65467014854
FCY00471,C235,YR002,IL004,13.4,76.728,34657.0,32067.9623756889
FCY00472,C236,YR002,IL005,14.5,74.1,96237319.0,3222.31003125366
FCY00473,C237,YR002,IL005,15.2,70.626,285259.0,3206.65748718811
FCY00474,C238,YR002,IL001,29.6,72.6433686298045,7697233736.0,11309.3830773178
FCY00475,C239,YR002,IL003,14.2,71.052,207582.0,4231.81409469194
FCY00476,C240,YR002,IL003,10.8,77.117,1797086.0,4384.18796444738
FCY00477,C241,YR002,IL002,39.7,65.915,34085182.0,633.887202451545
FCY00478,C242,YR002,IL003,25.8,65.726,58613001.0,6914.1780318076
FCY00479,C243,YR002,IL005,37.7,62.138,17973569.0,1463.89997855593
FCY00480,C244,YR002,IL005,54.4,60.906,15034452.0,2270.89531874302
FCY00481,C001,YR003,IL001,43.3491582121366,63.8572612837043,675950189.0,1507.08559963484
FCY00482,C002,YR003,IL002,56.6,62.941,37856121.0,496.6025042585
FCY00483,C003,YR003,IL001,60.6359506778456,57.149956341607,463365429.0,2216.38505520833
FCY00484,C004,YR003,IL005,35.5,63.051,32375632.0,2493.67884440177
FCY00485,C005,YR003,IL003,8.0,79.467,2567801.0,6069.43903131027
FCY00486,C006,YR003,IL004,2.9,84.098,76474.0,41257.816459345
FCY00487,C007,YR003,IL001,28.8660423125059,71.8398932674972,444281315.0,6674.34224402621
FCY00488,C008,YR003,IL004,5.0,82.596,9445785.0,45938.6073581994
FCY00489,C009,YR003,IL003,8.9,76.847,44973465.0,9955.97478680428
FCY00490,C010,YR003,IL003,10.7,76.2219512195122,2962500.0,4597.22887399548
FCY00491,C011,YR003,IL004,8.0,77.168,91364.0,18896.3721832248
FCY00492,C012,YR003,IL004,3.2,82.9,25334826.0,55194.7585097428
FCY00493,C013,YR003,IL004,2.9,81.8951219512195,8879920.0,49885.9947355204
FCY00494,C014,YR003,IL003,16.5,73.29,10024283.0,4805.75371765917
FCY00495,C015,YR003,IL002,35.7,62.18,12255336.0,234.31061590725
FCY00496,C016,YR003,IL004,3.3,81.9951219512195,11488980.0,46716.6227467964
FCY00497,C017,YR003,IL005,51.8,59.888,12726755.0,1130.82135339795
FCY00498,C018,YR003,IL002,50.2,60.184,20961952.0,764.853077774946
FCY00499,C019,YR003,IL005,25.4,72.625,164913055.0,2129.79896954606
FCY00500,C020,YR003,IL004,5.5,75.1121951219512,6616726.0,10353.7204584127
FCY00501,C021,YR003,IL004,6.5,80.471,1483756.0,27259.7438599327
FCY00502,C022,YR003,IL004,16.0,71.408,394675.0,33640.3369861278
FCY00503,C023,YR003,IL003,5.9,77.394,3345533.0,6122.37541352353
FCY00504,C024,YR003,IL003,2.4,74.2268292682927,9419758.0,6837.77339645635
FCY00505,C025,YR003,IL003,11.4,72.577,385829.0,6171.61449761423
FCY00506,C026,YR003,IL005,18.4,67.82,11671386.0,4203.15492855788
FCY00507,C027,YR003,IL003,12.9,75.809,207455459.0,9029.83304401079
FCY00508,C028,YR003,IL004,10.6,76.495,281207.0,21912.1501242857
FCY00509,C029,YR003,IL004,9.0,75.049,442680.0,30426.5730656528
FCY00510,C030,YR003,IL005,17.9,72.005,764824.0,3576.87987100503
FCY00511,C031,YR003,IL003,37.4,67.167,2332083.0,7172.08956480028
FCY00512,C032,YR003,IL002,128.9,31.53,4944703.0,449.228467602439
FCY00513,C033,YR003,IL004,4.5,82.1585365853659,37618495.0,46352.8693445211
FCY00514,C034,YR003,IL001,4.05222839523211,77.2659141936307,101864274.0,16534.9264870407
FCY00515,C035,YR003,IL004,3.5,83.9048780487805,8575280.0,84121.9310304414
FCY00516,C036,YR003,IL004,6.0,80.324,19197744.0,14495.716721687
FCY00517,C037,YR003,IL003,6.0,77.94,1407745000.0,10342.9009524335
FCY00518,C038,YR003,IL005,51.8,60.274,28193009.0,2141.76836170115
FCY00519,C039,YR003,IL005,46.9,61.695,25506095.0,1555.22660476477
FCY00520,C040,YR003,IL002,56.5,60.242,92947442.0,504.00419142286
FCY00521,C041,YR003,IL005,33.2,63.152,5616661.0,2488.42466724916
FCY00522,C042,YR003,IL003,12.3,76.793,49907985.0,6472.54544924705
FCY00523,C043,YR003,IL005,39.8,65.662,786578.0,1510.23218151592
FCY00524,C044,YR003,IL003,13.2,75.449,514104.0,4380.78117331128
FCY00525,C045,YR003,IL004,7.9,80.296,4999553.0,12884.6859951989
FCY00526,C046,YR003,IL001,19.1223174409837,72.1292604830284,4443134.0,13995.8548364074
FCY00527,C047,YR003,IL003,5.4,77.413,11202846.0,9232.26115935183
FCY00528,C048,YR003,IL004,2.5,81.454,1286671.0,29227.173828125
FCY00529,C049,YR003,IL004,2.4,79.2292682926829,10671870.0,24062.7190013343
FCY00530,C050,YR003,IL004,3.1,81.2926829268293,83092962.0,47656.199739747
FCY00531,C051,YR003,IL005,50.2,64.381,1088709.0,2837.16902340932
FCY00532,C052,YR003,IL003,30.6,71.305,67880.0,9491.14995962374
FCY00533,C053,YR003,IL004,3.3,81.4512195121951,5814422.0,59404.2663247723
FCY00534,C054,YR003,IL003,30.9,73.112,10894043.0,8183.01623600375
FCY00535,C055,YR003,IL003,20.7,75.682,43294546.0,4468.45341883656
FCY00536,C056,YR003,IL001,12.072323650008,75.7689690321509,2112289891.0,8286.3981179292
FCY00537,C057,YR003,IL001,29.3622810142626,70.8424064605001,3355014793.0,3483.31545469615
FCY00538,C058,YR003,IL001,11.5,76.5862412994962,2359762190.0,11622.8915284736
FCY00539,C059,YR003,IL001,12.6964416494544,74.8158340567546,248576676.0,6069.27407282315
FCY00540,C060,YR003,IL001,7.1,78.3038716113385,921932163.0,25020.8648271756
FCY00541,C061,YR003,IL003,11.7,77.286,17340021.0,6205.05765246766
FCY00542,C062,YR003,IL005,22.9,71.213,107553158.0,2962.98892023003
FCY00543,C063,YR003,IL001,3.06167433886014,82.2804211551829,346496601.0,39220.5136743355
FCY00544,C064,YR003,IL002,28.7,67.306,3240194.0,694.2114670452045
FCY00545,C065,YR003,IL004,2.6,83.8317073170732,47118501.0,29786.5245689007
FCY00546,C066,YR003,IL004,1.9,78.6463414634147,1326898.0,24021.2501413306
FCY00547,C067,YR003,IL006,40.8,65.741,115737383.0,793.473247210264
FCY00548,C068,YR003,IL001,3.25658640389602,81.3194524901835,446910453.0,35374.1403676934
FCY00549,C069,YR003,IL001,52.4796923797649,62.1379545505037,973035228.0,1861.6533045303
FCY00550,C070,YR003,IL004,1.9,81.9829268292683,5521606.0,48358.1807773701
FCY00551,C071,YR003,IL003,20.3,67.009,914899.0,5842.07344577597
FCY00552,C072,YR003,IL004,3.3,82.8268292682927,67382061.0,40408.2848574751
FCY00553,C073,YR003,IL005,23.7,66.196,110282.0,3572.65918282222
FCY00554,C074,YR003,IL003,30.1,67.337,2267706.0,7441.1786472281
FCY00555,C075,YR003,IL004,3.8,81.3691219512195,66631000.0,43158.7411267323
FCY00556,C076,YR003,IL003,8.2,74.165,3720161.0,4741.2832715876
FCY00557,C077,YR003,IL005,32.9,64.455,31258945.0,2186.65822682613
FCY00558,C078,YR003,IL005,67.0,59.379,13034346.0,1031.34146480732
FCY00559,C079,YR003,IL002,38.2,64.427,2456844.0,738.186751987483
FCY00560,C080,YR003,IL002,48.6,62.161,1967696.0,811.216425885129
FCY00561,C081,YR003,IL003,55.7,62.297,1670177.0,6804.14923073888
FCY00562,C082,YR003,IL004,3.5,81.6390243902439,10721582.0,19335.3602002969
FCY00563,C083,YR003,IL003,16.8,74.971,115981.0,10462.7929159533
FCY00564,C084,YR003,IL003,20.2,71.639,17103803.0,4511.99839552697
FCY00565,C085,YR003,IL004,27.1,69.067,807665.0,6405.82443444562
FCY00566,C087,YR003,IL005,14.9,72.124,9943633.0,2502.32744328073
FCY00567,C088,YR003,IL001,47.4834834944594,63.089861994107,824649053.0,983.900062178744
FCY00568,C089,YR003,IL004,4.0,78.2243902439024,3949390.0,15563.5987295029
FCY00569,C090,YR003,IL005,44.7,64.328,11105163.0,1352.17204191532
FCY00570,C091,YR003,IL004,3.4,76.3195121951219,9694824.0,17012.8598553199
FCY00571,C092,YR003,IL001,18.8656202369111,74.031271888226,4845075024.0,6476.07259783679
FCY00572,C093,YR003,IL001,31.4755289235234,71.3939314839846,6594216452.0,5167.89523774326
FCY00573,C094,YR003,IL001,48.1023010212298,64.0885690256803,1749141428.0,1544.27890067061
FCY00574,C095,YR003,IL001,56.6192818639053,61.3259973798573,614017319.0,2205.87361894796
FCY00575,C096,YR003,IL003,18.5,70.349,272489381.0,4106.94856160358
FCY00576,C097,YR003,IL001,43.5098355236627,65.582913848475,1135124109.0,1186.40559680864
FCY00577,C098,YR003,IL005,29.8,70.746,1389030312.0,2041.42863698585
FCY00578,C099,YR003,IL004,3.0,82.7024390243903,4976456.0,81827.6688873996
FCY00579,C100,YR003,IL003,12.1,76.855,87051648.0,3997.4935449585
FCY00580,C101,YR003,IL003,23.5,71.245,41192171.0,5671.8568632942
FCY00581,C102,YR003,IL004,2.1,83.1634146341463,360563.0,69296.3144361601
FCY00582,C103,YR003,IL004,2.9,82.8048780487805,9054000.0,44250.6313628073
FCY00583,C104,YR003,IL004,2.6,83.4975609756098,59729081.0,33812.788724868
FCY00584,C105,YR003,IL003,17.2,71.532,2823271.0,6030.68896415921
FCY00585,C106,YR003,IL005,13.7,76.865,10671891.0,4170.1144003465
FCY00586,C107,YR003,IL004,1.8,84.3563414634146,126633000.0,40415.9567649547
FCY00587,C108,YR003,IL003,8.1,73.658,19209555.0,9457.12614657136
FCY00588,C109,YR003,IL005,37.0,62.939,51202827.0,1960.40808854893
FCY00589,C110,YR003,IL005,16.0,71.6,6590211.0,1421.99927504102
FCY00590,C111,YR003,IL005,20.1,70.127,16481304.0,2225.87705485686
FCY00591,C112,YR003,IL005,42.9,65.866,123921.0,1750.9977188915
FCY00592,C113,YR003,IL004,15.9,71.54,46952.0,23595.4923231291
FCY00593,C114,YR003,IL004,2.6,83.2268292682927,51764822.0,33826.9443301597
FCY00594,C115,YR003,IL004,7.6,81.969756097561,4442316.0,31707.8737443551
FCY00595,C116,YR003,IL001,14.5497446831268,75.0513524613511,573311679.0,8282.78290882792
FCY00596,C117,YR003,IL005,33.3,67.911,7237636.0,2589.32081035237
FCY00597,C118,YR003,IL005,12.6,78.208,5794594.0,8905.88005497437
FCY00598,C119,YR003,IL002,63.3,61.232,5043721.0,658.164180770507
FCY00599,C120,YR003,IL003,9.2,72.941,6951033.0,9963.19489084483
FCY00600,C121,YR003,IL003,16.6,72.249,177661.0,11794.0597229805
FCY00601,C122,YR003,IL001,14.6,75.2042598654921,640962372.0,8539.39776066424
FCY00602,C123,YR003,IL001,44.7718946200975,64.9725014356556,1058013514.0,1105.24693378698
FCY00603,C125,YR003,IL005,6.2,76.698,21803000.0,4081.94772722003
FCY00604,C127,YR003,IL001,31.6827492380857,71.3694923345361,6243562839.0,4943.24879858439
FCY00605,C128,YR003,IL005,63.5,55.249,2209405.0,1082.05706777516
FCY00606,C129,YR003,IL001,8.09785774062189,76.9979606258316,2308878047.0,10120.3125161359
FCY00607,C130,YR003,IL004,3.3,76.2829268292683,2811089.0,19608.7943945553
FCY00608,C131,YR003,IL004,2.0,82.6390243902439,620001.0,112696.649059674
FCY00609,C132,YR003,IL004,3.3,75.3878048780488,1913822.0,17294.9751600969
FCY00610,C133,YR003,IL005,17.8,74.245,36210898.0,3508.09765625
FCY00611,C134,YR003,IL004,2.6,86.151,38109.0,193746.785647412
FCY00612,C135,YR003,IL003,14.1,70.181,2664224.0,4405.33418162155
FCY00613,C136,YR003,IL002,44.1,63.504,28219554.0,499.818837622534
FCY00614,C137,YR003,IL003,6.4,79.707,487731.0,11740.2724029785
FCY00615,C138,YR003,IL001,36.5,71.2438695042576,742714463.0,5412.42875673528
FCY00616,C139,YR003,IL003,13.7,74.53,125762982.0,10369.5553585271
FCY00617,C140,YR003,IL003,26.2,66.047,44007.0,5292.33985502306
FCY00618,C141,YR003,IL001,27.9391171061485,72.1892666738243,5698581856.0,5353.79775844374
FCY00619,C142,YR003,IL003,6.3,76.6024390243903,1876262.0,6718.85826635458
FCY00620,C143,YR003,IL002,57.6,59.217,21068405.0,971.949318638092
FCY00621,C144,YR003,IL004,5.4,82.6585365853659,503912.0,32421.9179752262
FCY00622,C145,YR003,IL005,38.4,66.457,52640713.0,1425.98954241668
FCY00623,C146,YR003,IL001,38.344503876803,70.417484585256,680490997.0,2695.63342343005
FCY00624,C147,YR003,IL003,2.6,76.6829268292683,626753.0,8749.02375172644
FCY00625,C148,YR003,IL003,12.8,71.0531707317073,3267673.0,4347.54610314873
FCY00626,C149,YR003,IL002,49.2,61.306,29884380.0,519.09255091362
FCY00627,C150,YR003,IL005,34.9,67.64,4467708.0,1767.072710621
FCY00628,C151,YR003,IL003,14.0,74.2358536585366,1265985.0,11568.2533399824
FCY00629,C152,YR003,IL002,38.3,64.995,19025752.0,580.889139762475
FCY00630,C153,YR003,IL003,6.8,75.9,33440596.0,10920.191763972
FCY00631,C154,YR003,IL001,5.4,79.1328897249464,367908829.0,62874.6117089583
FCY00632,C155,YR003,IL005,42.8,63.546,2650494.0,4731.9210318831
FCY00633,C156,YR003,IL002,69.3,60.031,22947757.0,561.691304349698
FCY00634,C157,YR003,IL005,69.1,53.009,209485641.0,3189.81286498516
FCY00635,C158,YR003,IL005,12.6,73.764,6483657.0,1958.62051528095
FCY00636,C159,YR003,IL004,3.5,82.1121951219512,17344874.0,53554.9007491475
FCY00637,C160,YR003,IL004,2.0,82.9585365853659,5347896.0,76430.5889473338
FCY00638,C161,YR003,IL005,27.1,69.299,28414064.0,1203.14294706401
FCY00639,C162,YR003,IL004,11.1,61.393,11587.0,10801.7705659635
FCY00640,C163,YR003,IL004,4.4,82.0560975609756,4970300.0,42855.831861632
FCY00641,C164,YR003,IL001,6.24325876037331,80.2449246601415,1364146219.0,39708.8864576635
FCY00642,C165,YR003,IL004,8.7,79.946,4591241.0,19180.1864152801
FCY00643,C166,YR003,IL001,27.3682789590699,72.6570116424877,12281907.0,12907.6162560274
FCY00644,C167,YR003,IL005,56.3,66.729,230800899.0,1390.41690981745
FCY00645,C168,YR003,IL004,12.6,78.514,4234700.0,16477.9066268111
FCY00646,C169,YR003,IL003,12.5,76.275,32449303.0,7037.00803692604
FCY00647,C170,YR003,IL005,22.6,69.68,110804683.0,3400.78949767074
FCY00648,C171,YR003,IL004,19.8,68.982,17798.0,15846.7968470167
FCY00649,C172,YR003,IL005,36.2,65.331,9609010.0,2575.77274140393
FCY00650,C173,YR003,IL004,3.8,77.9048780487805,37965475.0,15874.5220531254
FCY00651,C174,YR003,IL001,52.4421630353559,60.5568531204624,972302503.0,1681.19065754666
FCY00652,C175,YR003,IL002,14.3,72.928,26037632.0,694.2114670452045
FCY00653,C176,YR003,IL004,2.8,81.6756097560976,10286263.0,23343.3628970034
FCY00654,C177,YR003,IL003,17.0,73.668,6515058.0,5821.18199548738
FCY00655,C178,YR003,IL005,13.6,75.811,4685306.0,3656.85827137011
FCY00656,C179,YR003,IL001,19.4930674817628,68.6421578303985,2568656.0,4136.34140894161
FCY00657,C180,YR003,IL001,4.12166747078415,80.9699118452096,1114898817.0,45840.3536114764
FCY00658,C181,YR003,IL004,5.4,82.945,2638657.0,66841.3623185691
FCY00659,C182,YR003,IL004,5.6,75.6073170731707,19371648.0,12909.6104013244
FCY00660,C183,YR003,IL004,4.8,73.0839024390244,145453291.0,11447.701171875
FCY00661,C184,YR003,IL002,31.7,66.691,12776103.0,810.051412137354
FCY00662,C185,YR003,IL001,28.9,70.9975623145981,1605412986.0,2067.05975687637
FCY00663,C186,YR003,IL004,5.7,78.313,30063799.0,29566.7933827436
FCY00664,C187,YR003,IL002,43.4,65.803,45548175.0,709.975280761719
FCY00665,C188,YR003,IL005,34.8,67.668,16352922.0,1431.18128932159
FCY00666,C189,YR003,IL004,2.0,83.5951219512195,5703569.0,65952.0378959293
FCY00667,C190,YR003,IL005,18.7,69.981,728147.0,2223.65890942466
FCY00668,C191,YR003,IL002,64.0,59.593,7731991.0,843.712517809977
FCY00669,C192,YR003,IL003,10.6,71.725,6222318.0,4320.11671534627
FCY00670,C193,YR003,IL004,1.5,85.257,34663.0,46630.1443120725
FCY00671,C194,YR003,IL002,75.0,57.249,16030971.0,539.954816211694
FCY00672,C195,YR003,IL003,4.8,75.9365853658537,6945235.0,7755.632986437
FCY00673,C196,YR003,IL001,51.5346756705316,60.6066409029614,1023480610.0,1907.22499436387
FCY00674,C197,YR003,IL002,71.9,58.129,10423384.0,694.2114670452045
FCY00675,C198,YR003,IL001,50.5,61.1293664117069,1139315618.0,1795.5612786554
FCY00676,C199,YR003,IL001,24.1941993553849,72.0009607335469,19293697.0,11990.4670996465
FCY00677,C200,YR003,IL005,11.3,68.043,213392.0,1935.2931816596
FCY00678,C201,YR003,IL003,17.1,71.773,605768.0,6629.66775248603
FCY00679,C202,YR003,IL004,5.0,77.6658536585366,5454147.0,19406.0589683582
FCY00680,C203,YR003,IL004,2.0,81.5292682926829,2088385.0,25814.1687167572
FCY00681,C204,YR003,IL004,2.2,83.109756097561,10278887.0,51648.9892820514
FCY00682,C205,YR003,IL005,47.6,59.85,1179874.0,3913.14577547336
FCY00683,C206,YR003,IL004,13.6,74.0463414634146,97625.0,19141.5118743615
FCY00684,C207,YR003,IL002,21.1,70.97,20353534.0,1109.53926036049
FCY00685,C208,YR003,IL004,3.6,77.691,43166.0,31780.5217068989
FCY00686,C209,YR003,IL002,64.6,52.993,16685223.0,893.336441643325
FCY00687,C210,YR003,IL001,12.0422004171441,75.8042877234534,2086281644.0,8379.36503263574
FCY00688,C211,YR003,IL001,9.8982615505469,74.590946255432,461933206.0,9058.74177112172
FCY00689,C212,YR003,IL002,40.2,61.061,8463068.0,826.255209019798
FCY00690,C213,YR003,IL003,8.9,77.197,71522271.0,7605.69657797759
FCY00691,C214,YR003,IL005,25.0,70.962,9529966.0,871.022372934846
FCY00692,C215,YR003,IL003,33.9,69.405,6803944.0,5998.0017434754
FCY00693,C216,YR003,IL001,14.7277092822441,75.1319711493442,625467307.0,8362.63429845968
FCY00694,C217,YR003,IL005,39.6,66.496,1300945.0,1562.36458068032
FCY00695,C218,YR003,IL001,38.5595764016893,70.3800917806817,675805691.0,2688.96932958269
FCY00696,C219,YR003,IL003,8.8,72.292,105669.0,4788.83342304684
FCY00697,C220,YR003,IL001,28.9424349682594,70.9975623145981,1605412986.0,2067.05975687637
FCY00698,C221,YR003,IL001,50.4776217602032,61.1293664117069,1139315618.0,1795.5612786554
FCY00699,C222,YR003,IL004,19.2,72.836,1363985.0,17212.6128892163
FCY00700,C223,YR003,IL005,14.4,75.599,11875081.0,3528.87213306798
FCY00701,C224,YR003,IL003,9.4,77.737,82579440.0,9395.23378001368
FCY00702,C225,YR003,IL003,19.4,66.109,10581.0,5115.13075950206
FCY00703,C226,YR003,IL005,34.5,66.007,59174891.0,1063.32250976563
FCY00704,C227,YR003,IL002,36.9,66.354,42999637.0,822.171150036357
FCY00705,C228,YR003,IL003,8.3,73.92,44957458.0,3619.86157226563
FCY00706,C230,YR003,IL004,6.2,77.503,3397206.0,18315.7316980028
FCY00707,C231,YR003,IL004,5.5,78.7878048780488,330226227.0,64746.4506778863
FCY00708,C232,YR003,IL005,14.9,72.093,32964701.0,2041.38480729431
FCY00709,C233,YR003,IL003,12.8,70.994,104167.0,8740.59425232061
FCY00710,C234,YR003,IL006,21.2,72.766,28938098.0,2523.11275230667
FCY00711,C235,YR003,IL004,13.0,76.845,36395.0,32067.9623756889
FCY00712,C236,YR003,IL005,14.1,74.211,97173776.0,3440.90025375434
FCY00713,C237,YR003,IL005,15.1,70.783,291985.0,3207.44650452083
FCY00714,C238,YR003,IL001,29.2,72.8686343875761,7778008621.0,11376.0818134476
FCY00715,C239,YR003,IL003,14.9,70.269,209780.0,4351.94234943706
FCY00716,C240,YR003,IL003,10.2,77.249,1788891.0,4415.99923011071
FCY00717,C241,YR003,IL002,39.0,66.567,35111408.0,694.2114670452045
FCY00718,C242,YR003,IL003,25.1,66.071,59587885.0,6533.71121032856
FCY00719,C243,YR003,IL005,36.1,62.914,18513839.0,1258.98619844462
FCY00720,C244,YR003,IL005,55.8,61.06,15271368.0,2184.32923855469
FCY00721,C001,YR004,IL001,42.8500928778465,63.7664840026943,694446100.0,1351.59166910879
FCY00722,C002,YR004,IL002,54.9,61.454,39068979.0,510.787063366811
FCY00723,C003,YR004,IL001,59.3217984756743,57.364735967395,474569351.0,2030.86165860293
FCY00724,C004,YR004,IL005,34.9,63.116,33451132.0,1759.35619918264
FCY00725,C005,YR004,IL003,8.1,77.824,2528480.0,6027.91350716348
FCY00726,C006,YR004,IL004,2.8,79.418,77380.0,37361.1070081615
FCY00727,C007,YR004,IL001,28.304838886486,70.7265588103862,453723239.0,5739.41283580539
FCY00728,C008,YR004,IL004,4.7,81.936,9401038.0,37991.7492971665
FCY00729,C009,YR004,IL003,8.7,75.878,45191965.0,8535.59938004389
FCY00730,C010,YR004,IL003,10.2,73.3756097560976,2961500.0,4268.68093304583
FCY00731,C011,YR004,IL004,7.8,77.161,91846.0,15369.6082250401
FCY00732,C012,YR004,IL004,3.2,83.2,25649248.0,51983.4523666382
FCY00733,C013,YR004,IL004,2.9,81.1926829268293,8916864.0,48716.4098900349
FCY00734,C014,YR004,IL003,15.6,70.312,10093121.0,4229.91064904503
FCY00735,C015,YR004,IL002,34.6,62.569,12617036.0,255.8324539389
FCY00736,C016,YR004,IL004,3.2,80.6951219512195,11538604.0,45906.2875805246
FCY00737,C017,YR004,IL005,50.4,60.154,13070169.0,1200.19426557789
FCY00738,C018,YR004,IL002,48.7,60.454,21478690.0,825.237038782475
FCY00739,C019,YR004,IL005,24.8,71.421,166298024.0,2248.85078828233
FCY00740,C020,YR004,IL004,5.3,73.3560975609756,6550696.0,10760.211975413
FCY00741,C021,YR004,IL004,6.6,78.683,1472204.0,24342.8444554718
FCY00742,C022,YR004,IL004,11.9,72.994,395863.0,26178.7537607708
FCY00743,C023,YR004,IL003,5.8,76.04,3299349.0,6130.31187968266
FCY00744,C024,YR004,IL003,2.2,72.1385609756098,9379952.0,6542.85579976768
FCY00745,C025,YR004,IL003,11.1,71.58,390812.0,5238.54078175696
FCY00746,C026,YR004,IL005,17.4,62.906,11816299.0,3580.96761778303
FCY00747,C027,YR004,IL003,12.8,74.506,208660842.0,7074.19407495707
FCY00748,C028,YR004,IL004,10.2,76.647,281698.0,19194.4919736739
FCY00749,C029,YR004,IL004,8.9,75.114,447404.0,26834.3592233943
FCY00750,C030,YR004,IL005,16.9,72.253,770006.0,3191.66906999331
FCY00751,C031,YR004,IL003,36.5,67.643,2365894.0,6323.2974967659
FCY00752,C032,YR004,IL002,74.7,50.596,5026628.0,462.879071294011
FCY00753,C033,YR004,IL004,4.5,81.53,38028638.0,43537.839298904
FCY00754,C034,YR004,IL001,3.992462176151,76.0162701269145,101215763.0,16581.3526115028
FCY00755,C035,YR004,IL004,3.5,83.0,8638167.0,85897.7843338323
FCY00756,C036,YR004,IL004,5.8,79.349,19370624.0,13114.815470545
FCY00757,C037,YR004,IL003,5.5,78.019,1411100000.0,10627.4637989619
FCY00758,C038,YR004,IL005,50.3,60.14,28915449.0,2179.72934832935
FCY00759,C039,YR004,IL005,45.5,61.674,26210558.0,1555.60370660749
FCY00760,C040,YR004,IL002,57.2,60.428,95989998.0,486.425572682256
FCY00761,C041,YR004,IL005,30.3,64.391,5752791.0,1993.586671931
FCY00762,C042,YR004,IL003,11.9,74.757,50629997.0,5339.68711357943
FCY00763,C043,YR004,IL005,38.9,65.756,802163.0,1519.34665556206
FCY00764,C044,YR004,IL003,12.5,73.818,514679.0,3539.22661248299
FCY00765,C045,YR004,IL004,8.1,79.725,5034320.0,12394.0493969492
FCY00766,C046,YR004,IL001,18.3715076996184,71.9394359303317,4459302.0,11957.223222537
FCY00767,C047,YR004,IL003,5.7,77.407,11176354.0,9605.27914559614
FCY00768,C048,YR004,IL004,2.7,81.23,1302247.0,28130.341796875
FCY00769,C049,YR004,IL004,2.4,78.2268292682927,10697858.0,23472.8915454417
FCY00770,C050,YR004,IL004,3.1,81.0414634146342,83160871.0,47394.8734504469
FCY00771,C051,YR004,IL005,48.7,64.2,1105188.0,2844.88810647853
FCY00772,C052,YR004,IL003,31.4,71.269,67573.0,7827.74842680426
FCY00773,C053,YR004,IL004,3.3,81.6024390243903,5831404.0,60985.4885601514
FCY00774,C054,YR004,IL003,30.4,72.636,11008300.0,7135.22273255899
FCY00775,C055,YR004,IL003,20.4,73.257,44042091.0,3743.5419522929
FCY00776,C056,YR004,IL001,12.2144132880224,75.6976393295064,2121866294.0,8391.27634645494
FCY00777,C057,YR004,IL001,28.4460343482701,69.8801308490982,3396051187.0,3187.03781234801
FCY00778,C058,YR004,IL001,11.6,76.5433946923267,2369420882.0,11639.4853357389
FCY00779,C059,YR004,IL001,12.4589272883753,73.5536868675669,250351240.0,5776.19343817718
FCY00780,C060,YR004,IL001,7.0,77.1754906029407,923664467.0,24167.3551199699
FCY00781,C061,YR004,IL003,11.5,72.004,17546065.0,5463.64515348598
FCY00782,C062,YR004,IL005,22.6,69.79,109315124.0,3511.11381026379
FCY00783,C063,YR004,IL001,3.04277532549184,81.4873571657503,346986142.0,38236.5543048506
FCY00784,C064,YR004,IL002,27.8,66.98,3291271.0,694.2114670452045
FCY00785,C065,YR004,IL004,2.6,82.2317073170732,47359424.0,27233.9426461608
FCY00786,C066,YR004,IL004,1.8,78.5951219512195,1329522.0,23933.9939421065
FCY00787,C067,YR004,IL006,39.4,65.969,118917671.0,829.790982547947
FCY00788,C068,YR004,IL001,3.22392355209318,80.4414754678551,446870959.0,34694.7035869195
FCY00789,C069,YR004,IL001,51.5598647024523,62.0663682854031,994901090.0,1618.4798041022
FCY00790,C070,YR004,IL004,1.9,81.9317073170732,5529543.0,48828.6846862799
FCY00791,C071,YR004,IL003,21.6,66.924,914963.0,4620.6457238014
FCY00792,C072,YR004,IL004,3.3,82.1756097560976,67601110.0,39169.8606000707
FCY00793,C073,YR004,IL005,23.0,65.878,110916.0,3362.02802120524
FCY00794,C074,YR004,IL003,28.8,67.073,2322539.0,6605.80346077565
FCY00795,C075,YR004,IL004,3.9,80.331756097561,66744000.0,40812.6794663879
FCY00796,C076,YR004,IL003,8.0,73.509,3722716.0,4300.85701291207
FCY00797,C077,YR004,IL005,31.7,64.309,31887809.0,2195.45481659987
FCY00798,C078,YR004,IL005,65.7,59.35,13371183.0,1053.66097696415
FCY00799,C079,YR004,IL002,37.0,64.418,2515733.0,720.335143352133
FCY00800,C080,YR004,IL002,47.2,61.343,2013255.0,846.915855715971
FCY00801,C081,YR004,IL003,53.9,62.141,1716468.0,5764.05502912947
FCY00802,C082,YR004,IL004,3.4,81.2878048780488,10698599.0,17886.733165236
FCY00803,C083,YR004,IL003,17.0,75.019,116341.0,8968.55890108484
FCY00804,C084,YR004,IL003,19.5,69.971,17357325.0,4477.61785000665
FCY00805,C085,YR004,IL004,26.3,67.751,807481.0,6775.70939096303
FCY00806,C087,YR004,IL005,14.5,70.864,10119640.0,2307.61494319511
FCY00807,C088,YR004,IL001,46.2413575696403,63.0728058249774,847743308.0,962.590226473892
FCY00808,C089,YR004,IL004,4.0,77.5243902439024,3914206.0,14807.5608543265
FCY00809,C090,YR004,IL005,43.6,63.773,11243848.0,1290.32538667383
FCY00810,C091,YR004,IL004,3.4,75.419512195122,9670419.0,16386.9308821258
FCY00811,C092,YR004,IL001,18.5749446327992,73.2951356970762,4878296727.0,6191.51088391849
FCY00812,C093,YR004,IL001,31.3552888585145,70.7488503512362,6666470352.0,4923.57218418891
FCY00813,C094,YR004,IL001,47.0718489149806,63.8023574072865,1788173625.0,1464.52261402905
FCY00814,C095,YR004,IL001,55.8344682690458,60.818006614062,626440308.0,2008.89632662853
FCY00815,C096,YR004,IL003,17.7,68.817,274814866.0,3853.70288774146
FCY00816,C097,YR004,IL001,42.4022915426146,65.4116059350943,1161733317.0,1170.98051516892
FCY00817,C098,YR004,IL005,28.3,70.156,1402617695.0,1907.04251637669
FCY00818,C099,YR004,IL004,3.1,82.4560975609756,5039747.0,86514.0706108754
FCY00819,C100,YR004,IL003,11.8,74.141,87723443.0,3202.50003502169
FCY00820,C101,YR004,IL003,22.8,69.651,42116605.0,4295.18945121228
FCY00821,C102,YR004,IL004,2.1,83.0634146341463,366463.0,60127.9393575616
FCY00822,C103,YR004,IL004,2.8,82.6487804878049,9215100.0,44575.5719045492
FCY00823,C104,YR004,IL004,2.5,82.1951219512195,59438851.0,32091.4866621366
FCY00824,C105,YR004,IL003,17.2,71.452,2830739.0,5299.04530804283
FCY00825,C106,YR004,IL005,13.3,75.583,10865228.0,4022.0401356135
FCY00826,C107,YR004,IL004,1.8,84.56,126261000.0,40028.7341726762
FCY00827,C108,YR004,IL003,8.0,71.195,19482117.0,8781.50797787648
FCY00828,C109,YR004,IL005,36.5,61.596,52217334.0,1927.66459027849
FCY00829,C110,YR004,IL005,15.6,71.8,6726596.0,1229.51766602907
FCY00830,C111,YR004,IL005,19.2,70.059,16725474.0,2081.73914242939
FCY00831,C112,YR004,IL005,42.3,65.205,126099.0,1751.78249168214
FCY00832,C113,YR004,IL004,15.5,71.181,46870.0,18859.0190361046
FCY00833,C114,YR004,IL004,2.5,83.4268292682927,51836239.0,33645.7719545073
FCY00834,C115,YR004,IL004,7.6,78.7609756097561,4400267.0,25236.0755848941
FCY00835,C116,YR004,IL001,14.3180325731087,72.8759217271338,578091505.0,6904.27677369596
FCY00836,C117,YR004,IL005,31.9,68.339,7346533.0,2583.77730696131
FCY00837,C118,YR004,IL005,13.1,76.299,5702398.0,5561.19166950397
FCY00838,C119,YR004,IL002,63.4,61.267,5149463.0,616.787867006715
FCY00839,C120,YR004,IL003,9.0,72.388,7045399.0,6650.33810585348
FCY00840,C121,YR004,IL003,16.5,72.308,178250.0,8411.07474936367
FCY00841,C122,YR004,IL001,14.4,73.1889367681402,645498186.0,7168.64740599577
FCY00842,C123,YR004,IL001,43.6375843724231,64.8324945516306,1083636132.0,1088.72161311357
FCY00843,C125,YR004,IL005,6.0,76.928,21919000.0,3847.60137695639
FCY00844,C127,YR004,IL001,31.5839320935802,70.7483566757416,6313913801.0,4732.82727829687
FCY00845,C128,YR004,IL005,62.1,55.133,2235727.0,918.582574704447
FCY00846,C129,YR004,IL001,7.94891980890091,76.6935638074913,2316152451.0,9873.93519864422
FCY00847,C130,YR004,IL004,3.1,75.0292682926829,2810369.0,20428.6478157394
FCY00848,C131,YR004,IL004,2.0,82.1439024390244,630419.0,116860.02817236
FCY00849,C132,YR004,IL004,3.1,75.1853658536585,1900449.0,17564.2321549354
FCY00850,C133,YR004,IL005,17.1,73.133,36584208.0,3268.0302734375
FCY00851,C134,YR004,IL004,2.5,86.089,38050.0,176891.886538492
FCY00852,C135,YR004,IL003,14.3,69.914,2635130.0,4375.7788930524
FCY00853,C136,YR004,IL002,44.3,62.706,28953556.0,450.771615201509
FCY00854,C137,YR004,IL003,6.0,78.713,502118.0,7393.8886543933
FCY00855,C138,YR004,IL001,35.7,69.9110789555644,756405281.0,4742.76402632259
FCY00856,C139,YR004,IL003,13.4,70.449,126799054.0,8841.27075039868
FCY00857,C140,YR004,IL003,25.5,65.387,42706.0,5661.96787336674
FCY00858,C141,YR004,IL001,27.8548386643006,71.5211164808267,5753270728.0,5134.62007912707
FCY00859,C142,YR004,IL003,5.3,74.3951219512195,1856124.0,6659.59651070776
FCY00860,C143,YR004,IL002,55.4,58.858,21713836.0,953.242943290974
FCY00861,C144,YR004,IL004,5.2,82.0975609756098,515490.0,31823.4363934505
FCY00862,C145,YR004,IL005,37.2,66.612,53016522.0,1490.21683599469
FCY00863,C146,YR004,IL001,37.4140515517314,69.050634286622,692532027.0,2408.49731335268
FCY00864,C147,YR004,IL003,2.4,75.9317073170732,626590.0,7538.53635992191
FCY00865,C148,YR004,IL003,12.2,71.3490243902439,3327204.0,4001.25193077703
FCY00866,C149,YR004,IL002,48.6,61.39,30783688.0,462.433876479921
FCY00867,C150,YR004,IL005,33.9,66.794,4600131.0,1795.76459566714
FCY00868,C151,YR004,IL003,14.1,74.1770731707317,1266014.0,9135.84773751062
FCY00869,C152,YR004,IL002,38.2,65.216,19533888.0,602.507478176106
FCY00870,C153,YR004,IL003,6.8,76.057,33889558.0,9957.52626697613
FCY00871,C154,YR004,IL001,5.4,77.4492830759645,369670740.0,61468.3372208474
FCY00872,C155,YR004,IL005,41.6,64.071,2728762.0,3878.58982993966
FCY00873,C156,YR004,IL002,69.1,59.89,23717613.0,579.512495758236
FCY00874,C157,YR004,IL005,69.5,53.072,213996181.0,2797.18458068686
FCY00875,C158,YR004,IL005,12.5,70.766,6565267.0,1938.44704754382
FCY00876,C159,YR004,IL004,3.5,81.3585365853659,17441500.0,53467.9277413737
FCY00877,C160,YR004,IL004,2.0,83.209756097561,5379475.0,68340.0181033702
FCY00878,C161,YR004,IL005,25.9,69.106,28966574.0,1154.21517578318
FCY00879,C162,YR004,IL004,10.2,61.527,11643.0,10709.068810538
FCY00880,C163,YR004,IL004,4.3,82.2560975609756,5072400.0,41997.7830324279
FCY00881,C164,YR004,IL001,6.16574364465145,78.957862837755,1369310195.0,38597.246423496
FCY00882,C165,YR004,IL004,8.6,77.763,4522497.0,16784.8630630058
FCY00883,C166,YR004,IL001,26.842599403847,72.5097097789427,12417333.0,11770.4564127379
FCY00884,C167,YR004,IL005,54.6,65.701,235001746.0,1278.39735206896
FCY00885,C168,YR004,IL004,12.2,76.33,4293261.0,13290.5608397749
FCY00886,C169,YR004,IL003,12.2,73.832,32838579.0,6133.32552410183
FCY00887,C170,YR004,IL005,22.7,70.097,112081264.0,3227.57910235199
FCY00888,C171,YR004,IL004,19.8,68.689,17792.0,14708.2119536914
FCY00889,C172,YR004,IL005,35.2,65.075,9815746.0,2429.61134585269
FCY00890,C173,YR004,IL004,3.8,76.4,37515748.0,16150.9304813473
FCY00891,C174,YR004,IL001,51.5352354471261,60.5013545897269,998624261.0,1496.33767488397
FCY00892,C175,YR004,IL002,14.1,72.783,26136312.0,694.2114670452045
FCY00893,C176,YR004,IL004,2.8,81.3292682926829,10297081.0,22299.4044062173
FCY00894,C177,YR004,IL003,16.5,72.72,6603739.0,5365.47220721104
FCY00895,C178,YR004,IL005,13.2,74.998,4803269.0,3233.56863835858
FCY00896,C179,YR004,IL001,19.5113323609614,68.3568108792759,2595522.0,3592.04110507296
FCY00897,C180,YR004,IL001,4.10746058799424,80.0657047954118,1117007476.0,44743.738932431
FCY00898,C181,YR004,IL004,5.2,80.409,2794148.0,51683.5681078949
FCY00899,C182,YR004,IL004,5.4,74.2536585365854,19265250.0,13009.1770573223
FCY00900,C183,YR004,IL004,4.6,71.3387804878049,145245148.0,10108.3271484375
FCY00901,C184,YR004,IL002,31.3,66.953,13065837.0,778.701498925026
FCY00902,C185,YR004,IL001,27.6,70.3622206982499,1621073417.0,1957.20343722686
FCY00903,C186,YR004,IL004,5.4,77.596,31552510.0,24338.8307301067
FCY00904,C187,YR004,IL002,42.2,65.124,46789231.0,577.795227050781
FCY00905,C188,YR004,IL005,33.7,67.496,16789219.0,1461.08720350553
FCY00906,C189,YR004,IL004,2.0,83.5439024390244,5685807.0,61410.0792630788
FCY00907,C190,YR004,IL005,18.3,69.258,744498.0,2063.32780991967
FCY00908,C191,YR004,IL002,61.9,59.694,7912558.0,845.277557920549
FCY00909,C192,YR004,IL003,10.2,70.244,6234673.0,3997.19279583709
FCY00910,C193,YR004,IL004,1.4,82.65,34770.0,44326.9556746411
FCY00911,C194,YR004,IL002,72.9,57.095,16651191.0,518.16113333875
FCY00912,C195,YR004,IL003,4.7,74.4780487804878,6899126.0,8098.70955668849
FCY00913,C196,YR004,IL001,50.7033912395993,60.6223697926718,1049999318.0,1716.50863861427
FCY00914,C197,YR004,IL002,71.9,57.648,10698467.0,694.2114670452045
FCY00915,C198,YR004,IL001,49.6,61.1676531593734,1169015451.0,1627.34569596297
FCY00916,C199,YR004,IL001,23.7506663553416,71.8255552822673,19472157.0,10723.093901861
FCY00917,C200,YR004,IL005,10.8,67.979,217435.0,2167.22001796925
FCY00918,C201,YR004,IL003,16.6,72.321,612317.0,4755.39221710693
FCY00919,C202,YR004,IL004,5.0,76.8658536585366,5458827.0,19735.4858280801
FCY00920,C203,YR004,IL004,1.9,80.5317073170732,2102419.0,25392.0651093612
FCY00921,C204,YR004,IL004,2.1,82.3560975609756,10353442.0,52568.5726980146
FCY00922,C205,YR004,IL005,47.3,59.862,1192729.0,3466.56936278145
FCY00923,C206,YR004,IL004,13.6,77.2365853658537,98462.0,14041.4754074575
FCY00924,C207,YR004,IL002,20.0,71.944,21049429.0,572.355289831901
FCY00925,C208,YR004,IL004,3.4,77.499,44386.0,20690.9160546118
FCY00926,C209,YR004,IL002,62.9,53.082,17224679.0,866.947814890409
FCY00927,C210,YR004,IL001,12.1855100266913,75.7338497054699,2095759417.0,8485.32855185979
FCY00928,C211,YR004,IL001,9.71175441652214,73.1492512511888,462842288.0,8478.35038656806
FCY00929,C212,YR004,IL002,39.1,61.14,8669720.0,863.468665870276
FCY00930,C213,YR004,IL003,8.7,77.331,71641484.0,6985.64393892574
FCY00931,C214,YR004,IL005,24.9,68.605,9749310.0,834.311715460625
FCY00932,C215,YR004,IL003,33.4,68.846,6949912.0,5972.72356566861
FCY00933,C216,YR004,IL001,14.5002276499837,73.0747493617473,630051021.0,6964.3711102796
FCY00934,C217,YR004,IL005,38.7,66.919,1326053.0,1630.86938521256
FCY00935,C218,YR004,IL001,37.6229268023937,69.0090964026373,687728758.0,2402.73480964452
FCY00936,C219,YR004,IL003,8.7,72.379,105704.0,4792.35854741522
FCY00937,C220,YR004,IL001,27.5499051306387,70.3622206982498,1621073417.0,1957.20343722686
FCY00938,C221,YR004,IL001,49.5806155476004,61.1676531593734,1169015451.0,1627.34569596297
FCY00939,C222,YR004,IL004,18.8,72.645,1366725.0,15283.6270531554
FCY00940,C223,YR004,IL005,13.5,75.004,11974057.0,3548.65363663803
FCY00941,C224,YR004,IL003,9.1,76.525,83384680.0,8798.11791709313
FCY00942,C225,YR004,IL003,18.7,66.357,10399.0,4976.11254109571
FCY00943,C226,YR004,IL005,33.2,66.771,60972798.0,1117.41528320313
FCY00944,C227,YR004,IL002,36.6,66.41,44457152.0,845.766463890124
FCY00945,C228,YR004,IL003,8.2,73.283,44680014.0,3709.76928710938
FCY00946,C230,YR004,IL004,6.1,78.381,3398968.0,15757.5355995779
FCY00947,C231,YR004,IL004,5.5,76.9804878048781,331577720.0,63515.9491807833
FCY00948,C232,YR004,IL005,14.4,71.461,33586372.0,1978.28051860763
FCY00949,C233,YR004,IL003,12.2,69.605,103526.0,8351.20324040982
FCY00950,C234,YR004,IL006,21.2,72.369,28444077.0,1506.0436210041
FCY00951,C235,YR004,IL004,12.7,76.894,37135.0,32067.9623756889
FCY00952,C236,YR004,IL005,13.7,75.383,98079191.0,3534.03953482647
FCY00953,C237,YR004,IL005,15.1,70.385,298858.0,3042.98711598286
FCY00954,C238,YR004,IL001,29.1,72.181968378825,7854748424.0,10937.6846205191
FCY00955,C239,YR004,IL003,13.6,70.727,211944.0,4099.59660548583
FCY00956,C240,YR004,IL003,9.6,74.212,1790151.0,4310.88963754863
FCY00957,C241,YR004,IL002,37.6,66.435,36134863.0,694.2114670452045
FCY00958,C242,YR004,IL003,24.5,65.15,60562381.0,5580.60383075189
FCY00959,C243,YR004,IL005,35.7,63.361,19059395.0,951.644316655957
FCY00960,C244,YR004,IL005,57.8,61.53,15526888.0,2059.67445384499
